input_image,expected_product,measured_weight_g,barcode_detection_count,decoded_barcodes,barcode_matches,ocr_text,ocr_matches,ocr_top_product,ocr_top_coverage,ocr_top_view,ocr_source,weight_passed,final_status,final_product,action
IMG_5101.jpg,오레오,,0,,,코코아분말4.6% | 중량:100g | [500 kcal(50 g × 2봉지)] | 신규 알레르기정보: 뒷면확인 | 레I오 | 이미지사진 | 초콜릿샌드위치쿠키 | 전세계인들에게 가장 사랑받는 쿠키 브랜드 | NABISCO | 4.6% | ：100g | [500 kcal(50g×2号入)] | 210 | NABISCO | 코코아분말4.6% | 중량:100g | [500 kcal(50 g × 2봉지)] | 신규 알레르기정보: 뒷면확인 | OREO | 이미지사진 | 초콜릿샌드위치쿠키 | 전세계인들에게 가장 사랑받는 쿠키 브랜드 | NABISCO | 4.6% | ：100g | [500 kcal(50g×2号)] | OREO | NABISCO | 코코아분말4.6% | 중량:100g | [500 kcal(50 g × 2봉지)] | 신규 알레르기정보: 뒷면확인 | OREO | 이미지사진 | 초콜릿샌드위치쿠키 | 전세계인들에게 가장 사랑받는 쿠키 브랜드 | NABISCO | 4.6% | ：100g | [500 kcal(50g×2号)] | OREO | NABISCO | 코코아분말4.6% | 중량:100g | [500 kcal(50 g × 2봉지)] | 신규알레르기정보: 뒷면확인 | 4.6% | ：100g | [500 kcal(50 g×2号)] | ： | 전세계인들에게 가장 사랑받는 쿠키 브랜드 | NABISCO | NABISCO | 이미지 사진 | 초콜릿샌드위치쿠키 | 전세계인들에게 가장 사랑받는 쿠키 브랜드 | NABISCO | NABISCO | 전세계인들에게 가장 사랑받는 쿠키 브랜드 | NABISCO | NABISCO | 전세계인들에게 가장 사랑받는 쿠키 브랜드 | NABISCO | NABISCO | 2레오 | 이미지사진 | 초콜릿샌드위치쿠키 | 1인들에게 가장 사랑받는 쿠키 브랜드 | 210 | 이z | Y/Y미 | 연연배매 | 이며위 클프 | OIH2 | 0 | 里号常卫员学珍 | 2레오 | 이미지사진 | 초콜릿샌드위치쿠키 | 1인들에게 가장 사랑받는 쿠키 브랜드 | 210 | 이z | Y/Y미 | 연연배매 | 이며위 클프 | OIH2 | 0 | 里号常卫员学珍 | 이미지 사진 | 초콜릿샌드위치쿠키 | 이미지사진 | 초콜릿샌드위치쿠키 | [500 kcal(50 g × 2봉지)] | 신규알레르기정보: 뒷면확인 | 중당.IUUy | [500 kcal(50g×2号入)] | 舌o：100y | [500 kcal(50 g × 2봉지)] | 시규 알레르기정보:뒷면확인 | 중상.1UU9 | [500 kcal(50 g×2号)] | ： | to：l0uy | [500 kcal(50 g × 2봉지)] | 신규알레르기정보: 뒷면확인 | 중당.IUUy | [500 kcal(50g×2号入)] | 舌o：100y | [500 kcal(50 g × 2봉지)] | 시규 알레르기정보:뒷면확인 | 중상.1UU9 | [500 kcal(50 g×2号)] | ： | to：l0uy | [500 kcal(5U gx2동시)] | 신규알레르기정보:뒷면확인 | [500 kcal(50 g × 2人)] | ： | [500 kcal(5U g ×2동시W] | 신규알레르기정보: 뒷면확인 | [500 kcal(50 g × 2^)] | ： | 코코아분말4.6% | 주량:1000 | 4.6% | ：100g | 코코아분말4.6% | 주략:1000 | 04.6% | :100g | 코코아분말4.6% | 주량:1000 | 4.6% | ：100g | 코코아분말4.6% | 주략:1000 | 04.6% | :100g | 코코아문말 4.b% | 중량:100g | koal(50 ax 2본지l)] | 4.6% | ：100g | keal(50 g ×2号天/)) | 코코아문말 4.b% | 중량:100g | koal(50 ax 2복지] | 4.6% | ：100g | keal(50 g ×2号天/) | 코코아문말 4.b% | 중량:100g | koal(50 ax 2본지l)] | 4.6% | ：100g | keal(50 g ×2号天/)) | 코코아문말 4.b% | 중량:100g | koal(50 ax 2복지] | 4.6% | ：100g | keal(50 g ×2号天/) | SCVESU | ACO | SCVEI | AC | 이미지 사진 | 이미지사진,오레오,오레오,0.8727,04_오레오,paddleocr_boost,,CONFIRMED,오레오,CONFIRMED
IMG_4903.jpg,후라보노,,0,,,등0 | 5063-12 | 닐슨 POS판 기준 | 호 | 상쾌한 에티켓 | CHEWING GUM오리지날 | 10LTT | 品マ | u | 1-35 | POS | 169 | 五百亿京 | CHEWING GUM| | OTTE | 후간보노 | 상쾌한 에티켓 | DLOTTE | 스틱점판매 | CHEWINGGUM오리지날 | 1 | 26g | 21-23년도 | 날슨 POS판매 기준 | 辛空上 | LOTTE | CHEWING GU | 10 | 26g | 21-235 | 후간보노 | 상쾌한 에티켓 | DLOTTE | 스틱점판매 | CHEWINGGUM오리지날 | 1 | 26g | 21-23년도 | 날슨 POS판매 기준 | 辛空上 | LOTTE | CHEWING GU | 10 | 26g | 21-235 | 우 | は | 남며무터 | 2371 | 20 | 날슨 POS판매 기준 | 상쾌한 에티켓 | EWINGGUM오리지날 | 品マ | 10 | 1-35 | 169 | 五百亿古 | EWING GUM | 상 | 크LL | x+0 | TTE | 장 | 기호 | CHEWING GUI | 1OOTm | 20 | 啡 | CHEWING GUI | LOTE | 후라보노 | 상쾌한 에티켓 | 스틱점판매 | CHEWING GUM|오리지날 | 1 | 26g | 21~23년도 | 날슨 POS판매 기준 | CHEWING GU | 10 | 26g | 21-235 | 후라보노 | 상쾌한 에티켓 | 스틱점판매 | CHEWING GUM이오리지날 | 1등 | 26g | 21-23년도 | 날슨 POS판매 기준 | 辛 | CHEWING GU | 10 | 26g | 21-2345 | CHEWINGGUM|오리지날 | 26g | CHEWING GU | 26g | CHEWING GUM이| 오리지날 | 26g | CHEWING GU| | 26g | CHEWINGGUM|오리지날 | 26g | CHEWING GU | 26g | CHEWING GUM이| 오리지날 | 26g | CHEWING GU| | 26g | 5683-12 | ICESO | 20 | 겨R호 | 상쾌한 에티켓 | CHEWING GUM|오리지날 | 10OTT | 10 | 1-3 | PSOD | 3609 | 五百尔古 | CHEWING GUM| | LOTTE | H | 5062-12 | 2 | 거R호 | 상쾌한 에티켓 | CHEWING GUM이오리지날 | 1LOTT | 品 | 10 | 1-3E | PSD | 3696 | 五百力古 | CHEWING GUM| | LOTE | 국 | EWING GUM오리지날 | 369 | 五百 | EWING GUM | 국 | EWING GUM이오리지날 | 369 | 五百 | EWING GUM | 국 | EWING GUM오리지날 | 369 | 五百 | EWING GUM | 국 | EWING GUM이오리지날 | 369 | 五百 | EWING GUM | H | 75 | 90 | 날슨 POS판매 기준 | 品 | 10 | 1-35 | 69 | 2715 | 날슨 POS판매 기준 | 8 | 尼 | 10 | 1-35 | 6g | CHEWING GUI | CHEWING GUI | CHEWING GU | CHEWING GUI | 스틱캠판매 | 1 | 0 | 21-23년도 | 날슨 POS판매 기준 | 10 | 6.9 | 21-235 | 스틱점판매 | 1 | 8 | 21-23년도 | 날슨 POS판매 기준 | 10 | 6.9 | 21-235 | S | 2 | CHEWINGGUM|오리지날 | 3 | 169 | 五百尔 | CHEWING GU| | 26g | 다보노 | CUICAN  사 HT | 26g | 心Y上 | HEUVI | 상쾌한 에티켓 | 상쾌한 에티켓 | OOLTTÉ | LTE | 1OLTT | LOTE | OOLTTÉ | LTE | 1OLTT | LOTE | H | 品マ | 무쿠구 | 品昆 | 233715 | 날슨POS판매 기준 | 0 | 135 | 6g | 237-5 | 날슨 POS판매 기준 | 8 | 1-35 | 69 | 스틱점판매 | 스틱점판매 | 20 | 2609 | 20 | I | 2609 | 크LLㅋ | TTE | 크LL | TTE | 26g | 26g | 26ge | 26g | 날슨 POS판매 기 | 21-23년도 | 21-2395 | 날슨 POS판매 기준 | 0 | 21-23년도 | 0 | 21-2395 | 날슨 POS판매 기 | 21-23년도 | 21-2395 | 날슨 POS판매 기준 | 0 | 21-23년도 | 0 | 21-2395 | OOLTTÉ | LTE | 1OOTF | LOTE,후라보노,후라보노,0.8433,07_후라보노,paddleocr_boost,,CONFIRMED,후라보노,CONFIRMED
IMG_5113.jpg,참크래커,,1,,,280 g(285kcal)/과자(유처리제품) | SALTINE CRACKERS | 이미지예 | CROU'N,참크래커,참크래커,0.75,view2,paddleocr,,CONFIRMED,참크래커,CONFIRMED
IMG_5126.jpg,마이쮸,,0,,,마이 | B | 비타민 | eto饼 | B | m | 마이 | 비타인C 66mg/4g 비타민D66 74g | 포도 | 포도농축과습고형분학량 6N | 품질인증 | U디계 받 으오 식) | IalalA | GJ | NMeMN | atom | 6644 | 亚王 | (165% | 4g(182kc) | PblA | CD | CROWN | 마이 | 비타인C 66mg/4g 비타민D66 74g | 포도 | 포도농축과습고형분학량 6N | 품질인증 | U디계 받 으오 식) | IalalA | GJ | NMeMN | atom | 6644 | 亚王 | (165% | 4g(182kc) | PblA | CD | CROWN | 비타민CBm/g 비타민D66m4g | 6/44 | 비타민CBmg 비타민D66m4g | CROU'N | 8 | 44 | CROWN | o | to | 포도 | to | 亚 | to | 포도 | 31 | toT | 亚王 | 씨이 | 표 | tOO | 3五 | WoD | 내내 | MMOM | Iedricm2D6/g | 五五 | 60%99 | ROWN | WoD | 내표 | NMRM | 业o啦 | Iedrcheemm/mg | 五 | 200% 9 | ROWN | WoD | 내내 | MMOM | Iedricm2D6/g | 五五 | 60%99 | ROWN | WoD | 내표 | NMRM | 业o啦 | Iedrcheemm/mg | 五 | 200% 9 | ROWN | Nnoa | 씨여D | 내내 | TBlalR | B | ) | CROWN | 世 | 五五 | 10尼号 | 品bla | 8 | 포도능과습고형 | u디 | 'ROW'N | 맛이 | 포도 | 비타민 | B | 통질인증 | 告卫 | 4g(18) | CROWN | atom | 亚工 | m | 8 | 4g비타인DB6m/4g | N | 8 | g66/44g | N | o | 4g비타만D66m/4g | 문 | N | 8 | 4g66/44 | N | CP | 비타민CBomg/g | 비타인DE6m/4g | 분의당 w N. | 6m/44g | 66/44g | 비타인CBmg/4g 비타만D66m/4g | 문인당w ON | 6644 | 비타민CBomg/g | 비타인DE6m/4g | 분의당 w N. | 6m/44g | 66/44g | 비타인CBmg/4g 비타만D66m/4g | 문인당w ON | 6644 | 비타인CBmg/4g 비타민DB66m74g | 466/44g | 비타민CBom/4g 비타민D66m74g | 66/44g | 6 | 0 | TXKS | OP | 99 | G-E | 6 | o | 江 | OPL | 99 | E | 6 | 1 | é | 135 | 83 | 퓨더프 | 33 | 원 | Op | $9 | 6 | 6 | p | FHJA | 8i | 9 | R | 99 | P | OP | 99 | 6 | 0 | TXKS | OP | 99 | G-E | 6 | o | 江 | OPL | 99 | E | 6 | 1 | é | 135 | 83 | 퓨더프 | 33 | 원 | Op | $9 | 6 | 6 | p | FHJA | 8i | 9 | R | 99 | P | OP | 99 | CROW'N | CROWN | CROU'N | CROWN | CROW'N | CROWN | CROU'N | CROWN | 포도 | 亚王 | 포도 | 亚王 | NNMRON | CRWN | CROWN | CROWN | 러음RE | 유 | 20 | 昔力证 | 2 | 유 | 2 | 昔力证 | 러음RE | 유 | 20 | 昔力证 | 2 | 유 | 2 | 昔力证 | 굼ae | GJ | oblA | CD | 굼a | GJ | oblA | CD | 굼ae | GJ | oblA | CD | 굼a | GJ | oblA | CD | 울을 | FTKR | 圣品尼号 | 울을 | ZK | 圣品尼号 | M | 굼lal | PblA | i금laA | PblA | 굼lal | PblA | i금laA | PblA | 비타민 | H福 | 비타민 | m,마이쮸,마이쮸,0.6483,11_마이쮸,paddleocr_boost,,CONFIRMED,마이쮸,CONFIRMED
IMG_5139.jpg,자유시간,,1,,,B(ZE기연8 | 2c7 | AVN | 2ㅇ | HATA | 0 | '자유시22 | 아 | HAUTA | O | 크아원르8.&.땅제 18.%활유 초릿가공품 36 (172© | 外4 | OK | MAITA | mll | 08%18%36172 | '자유시22 | 아 | HAUTA | O | 크아원르8.&.땅제 18.%활유 초릿가공품 36 (172© | 外4 | OK | MAITA | mll | 08%18%36172 | N한악영영양영청 | j2c | zch | 한정운테임 | 생 | 20 | 8%81%82010 | 20 | 2c | 2O | 한영영연영청인텐영지영일 | O | C9   810 | 22 | 이영지 | 2c | 1 | C29%8%810 | j2c | 한영영쿨연영영청 | zch | 722 | CZ9E영영청 | izch | j2c | 한영영쿨연영영청 | zch | 722 | CZ9E영영청 | izch | 배운터지지영정8지영립 | 2c평 | 우 | C9%810 | 看0 | 한운찰영영시영영정인영지영림 | 22 | C09%%810 | 코크아원르8.%.딸공 18 %활유 초릿가공품 36(172K | 8%18%3617 | A크아원르8억.명제 18 %함유 초릿가공품 36-(172K | 08%18%36172 | 코크아원르8.%.딸공 18 %활유 초릿가공품 36(172K | 8%18%3617 | A크아원르8억.명제 18 %함유 초릿가공품 36-(172K | 08%18%36172 | 한운E영영분양영 | 18 %할유 초릿가공품 36(172 | 18%3617 | 코크아원르 8. 명공18 %할유 | 2301928%918%20 | 한88E | 08%008%820102 | 코크아원르 8. 명공18 %할유 | 2301928%918%20 | 한88E | 08%008%820102 | 한운영영연영정8영지영립 | C9%810 | N운간영간운분레한정간영지정 | C09%%810 | 32 | 10 | 10 | ULRH | 3 | HATA | 70 | 3 | 10 | HATN | HAITA | HATA | HAITA | HATN | HAITA | HATA | HAITA | NLNH | HATA | NLNH | HATA,자유시간,자유시간,0.625,10_자유시간,paddleocr_boost,,CONFIRMED,자유시간,CONFIRMED
IMG_5148.jpg,신라면,,1,,,O동심 | 인생을 맛었게 | 40 | 인생을 | ANNIVERBARY | D | 매울신 | 그라면 | 매울신 | SHIN RAMYUN | 중량:120 g(500 kea) | 吉台 | 40 | H | ANNIVERSARY | 梓 | 辞 | 鐵 | 同辣 | 酸明量心 | SHIN RAMYUN | :120 g(500 keat) | O능심 | 만생을 맛었게 | 40 | 한서 | 인생을 | ANNIVERSAR | D | 짧매을신 | 국르 | 1구통H | AUNWRNNHN | (4005)6 021:88 | 吉台 | 40 | 干 | H | ANNIVERSARY | 辛 | 辅 | 同味 | 酸明量勺 | 眼 | 辟 | 乱 | 尼号 | HIN YUN | :120 (50 k)) | O동심 | 인생을 맛었게 | 40 | 울신문 | 인생을 | ANNIVERSARY | 짧매울신 | 국 | 1구통 | AUARN NAHN | (3005)50Z1:8 | 吉合 | 40 | 中5 | H | ANNIVERSARY | 辛 | 輔 | 辞 | 同辣 | 酸明量 | 辟 | 乱 | 尼号 | HIN RYUN | 8:120 0 (050 k)) | O등접 | 만생물맛었게 | 인생을 | 号谷 | H | 1606ER3 | R육 | o7 | ② | UVNIANNY | 행매울신 | 소리 | K裕名居品品 | 尼号 | 440 | 山 | ANA | 李 | 辞 | 同辣 | 酸明量勺 | 辟 | 行 | 매울신 | SHIN RAMYUN | 중량:120 g(500 keal) | SHIN RAMYUN | :120 g(500 keat) | $ | 행매을신 | 그라면 | 신 | YUN | O keal) | 辛 | 辞 | 同味 | 字 | 辭俗 | 酸明量 | 辟 | 1 | YUN | 0 keal) | 떨매을신 | E | 소리 | 酸明量心 | 金味蛋 | 同 | 国 | 企 | 献 | 근르 | 소리 | 品 | 超 | 心咖呈 | 国金证 | 四 | 印 | 全 | 献 | •능섬 | 연생을맛었게 | 吉台 | O동집 | 인생을 맛었게 | OF谷 | 40 | 올신 | ANNIVERSARY | Ln | (8 | 소 | 4 | 40 | 勺 | 也时 | ANNIVERSARY | 面 | 1 | 阿 | 位 | 文 | 40 | 올신 | 우 | ANNIVERSARY | 학 | F | S | 소 | 40 | そ习 | 也时 | ANNIVERSARY | 6 | 号 | f | 阿 | 位 | 40 | 율십 | ANNIVERSARY | 소t | 40 | 量勺 | ANNIVERSARY | 1 | 位 | 40 | 올신 | ANNIVERSARY | 학 | 소 | 40 | 子 | ANNIVERSARY | 号 | F | 位 | 40 | 율십 | ANNIVERSARY | 소t | 40 | 量勺 | ANNIVERSARY | 1 | 位 | 40 | 올신 | ANNIVERSARY | 학 | 소 | 40 | 子 | ANNIVERSARY | 号 | F | 位 | SHIN RAMYUN | 중량:120 g(500 keal) | SHIN RAMYUN | :120 g(500 kea) | SHIN RAMYUN | 중량:120 g(500 kcal) | SHIN RAMYUN | :120 g(500 keat) | SHIN RAMYUN | 중량:120 g(500 keat) | SHIN RAMYUN | :120 g(500 keat) | SHIN RAMYUN | 중량:120 g(500 kea) | SHIN RAMYUN | :120 g(500 keat) | SHIN RAMYUN | 중량:120 g(500 keat) | SHIN RAMYUN | :120 g(500 keat) | SHIN RAMYUN | 중량:120 g(500 kea) | SHIN RAMYUN | :120 g(500 keat) | SHIN RAMYUN | 중량:120 g(500 kea) | SHIN RAMYUN | :120 g(500 kea) | SHIN RAMYUN | 중량:120 g(500 kcal) | SHIN RAMYUN | :120 g(500 keat) | SHIN RAMYUN | 중량:120 g(500 kea) | SHIN RAMYUN | :120 g(500 kea) | SHIN RAMYUN | 중량:120 g(500 kcal) | SHIN RAMYUN | :120 g(500 keat) | IN RAMYUN | 중량:120 g(500 keat) | NRAMYUN | :120 g(500 keat) | IN RAMYUN | 중량:120 g(500 keal) | NRAMYUN | :120 g(500 keat) | IN RAMYUN | 중량:120 g(500 keat) | NRAMYUN | :120 g(500 keat) | IN RAMYUN | 중량:120 g(500 keal) | NRAMYUN | :120 g(500 keat) | IN RAMYUN | 중량:120 g(500 kea) | NRAMYUN | :120 g(500 kea) | IN RAMYUN | 중량:120 g(500 keal) | NRAMYUN | :120 g(500 keat) | IN RAMYUN | 중량:120 g(500 kea) | NRAMYUN | :120 g(500 kea) | IN RAMYUN | 중량:120 g(500 keal) | NRAMYUN | :120 g(500 keat) | IN RAMYUN | 중량:120 g(500 kea) | NRAMYUN | :120 g(500 keat) | IN RAMYUN | 중량:120 g(500 kea) | RAMYUN | :120 g(500 keat) | IN RAMYUN | 중량:120 g(500 kea) | NRAMYUN | :120 g(500 keat) | IN RAMYUN | 중량:120 g(500 kea) | RAMYUN | :120 g(500 keat) | 인생을 | 0 | 0 | 인생을 | H | 을 | 0 | 1 | 0 | 40 | ANNIVERBARY | 소리 | 켠 | 40 | ANNIVERSARY | 輔 | 福 | 辛型四金味 | 輔 | 行 | 己 | 40 | ANNIVERSARY | D | 소리 | 켠 | 40 | ANNIVERSARY | 北园 | 輔 | 辛型四金味 | 韓 | 同 | 獻 | 公 | 己 | 안생을 맛었게 | 동심 | 吉谷 | 인생을맛었게 | 동심 | 吉谷 | IN RAMYUN | 중량:120 g(500 kea) | N RAMYUN | :120 g(500 keat) | IN RAMYUN | 중량:120 g(500 kcal) | NRAMYUN | :120 g(500 keal) | 매울신 | P통 | R号 | 16BR3 | K裕名居品品 | TVRS | R | K裕名居品品 | 매울신 | 매울신,신라면,신라면,0.7,06_신라면,paddleocr_boost,,CONFIRMED,신라면,CONFIRMED
IMG_5168.jpg,마이구미,,0,,,"60 | 엉'오리온 | 백도&황도 | 2MIX | PEACHES | 60 | & | 2MIX | PEACHES | 아to구 | 백도&황도 | 38O | S'오리온 | 60A | 196,5660 | 286100 | 668 (204 kcal) 복중아놓축과습 4.8 %(고형분6 | 1 | 告 | & | 203.8% | 60 | 1%5666 | )%100 | 66g(204 kcal)号0告4.8%(卫6 | 아to구 | 백도&황도 | 38O | S'오리온 | 60A | 196,5660 | 286100 | 668 (204 kcal) 복중아놓축과습 4.8 %(고형분6 | 1 | 告 | & | 203.8% | 60 | 1%5666 | )%100 | 66g(204 kcal)号0告4.8%(卫6 | 66g (204kc | 66 g (204 kc | T | IO | D1 96. (8) | 라우디백도농총해 | (204kcal)복 | 603 | 10 | 우 | % | F | 0> | 01%() | g(204 kcal)号 | 60 | 10 | 140 | % | F | ※""오리온 | eto구 | 백도&황도 | ptol7 | & | ※'오리온 | sto구r | 백도&황도 | atol7 | & | ※'으리온 | sto구r | 백도&황도 | 1 | 9tol7 | & | ※'오리온 | sto구r | 백도&황도 | atol7 | & | ※'으리온 | sto구r | 백도&황도 | 1 | 9tol7 | & | ero구 | 백도&황도 | 9tol7 | & | sto구 | 백도&황도 | tol | & | ero구 | 백도&황도 | 9tol7 | & | sto구 | 백도&황도 | tol | & | <10 | CH2 | 80 | 더 | 2 | 96100 | 66g (204kcal) 복중아놓축과 4.8 %(고형분6 | TlO | HE | 70 | CI | 2 | %10% | 66g(204 kcal) 号0告4.8%(卫6 | 196 56.60 | 196100 | 66g(204 kcal) 복중아농축과습 4.8 %(고형분6 | 19%5666 | %100 | 66g(204kcal)号04.8%(卫6 | <10 | CH2 | 80 | 더 | 2 | 96100 | 66g (204kcal) 복중아놓축과 4.8 %(고형분6 | TlO | HE | 70 | CI | 2 | %10% | 66g(204 kcal) 号0告4.8%(卫6 | 196 56.60 | 196100 | 66g(204 kcal) 복중아농축과습 4.8 %(고형분6 | 19%5666 | %100 | 66g(204kcal)号04.8%(卫6 | 3k1 | 09 | -196 56.60 | 8)%6.100 | 66 g (204 kcal)복숭아농축과습 4. | (ak | 109 | 1%5660 | 8)%100 | 66g(204kcal)号04. | 09 | -196 56.60 | 6)61.00 | 66 g (204 kcal)복숭아농축과즙 4. | 클라우디백도농액 아을 %(고 | 109 | 19%5666 | 8)%100 | 66g(204kcal)号04. | 3k1 | 09 | -196 56.60 | 8)%6.100 | 66 g (204 kcal)복숭아농축과습 4. | (ak | 109 | 1%5660 | 8)%100 | 66g(204kcal)号04. | 09 | -196 56.60 | 6)61.00 | 66 g (204 kcal)복숭아농축과즙 4. | 클라우디백도농액 아을 %(고 | 109 | 19%5666 | 8)%100 | 66g(204kcal)号04. | 01 96 | 라우디백도농축 | 8(204 kcal)복 | 60 | QN | 어 | 두 | 그t기일 | 01% | g(204 kcal)号 | 60 | 2 | 1l | 140 | 出相 | 8(204 kcal)복 | 60 | 20 | 2 | 어 | 우 | hoHr | (장a기일 | g(204 kcal)号 | 60 | e | 2 | of | 40 | n0H | 北 | 3品83瓶 | 3品83瓶 | '오리온 | 생'오리온 | 공2이, | 22百 | 공2이 | 22百. | 0Q | %6 | 10 | (204 kcal) | n | J백도 | 99 | JHC | 0 | 어 | hoH | de | H | 00 | 9% | 1H | (204 kcal) | 门 | 99 | H | 2o | of | 500 | op | 交 | H | oa | 10 | (204 | n | 2 | kcal | H7 | 0 | J | 6 | 20 | KO. | SoH | eHW | C | oa | OH | (204 | 口 | 包 | 涯 | kcal | H | 0 | JH | 0 | 20 | 2 | 9010 | 50H | 0Q | %6 | 10 | (204 kcal) | n | J백도 | 99 | JHC | 0 | 어 | hoH | de | H | 00 | 9% | 1H | (204 kcal) | 门 | 99 | H | 2o | of | 500 | op | 交 | H | oa | 10 | (204 | n | 2 | kcal | H7 | 0 | J | 6 | 20 | KO. | SoH | eHW | C | oa | OH | (204 | 口 | 包 | 涯 | kcal | H | 0 | JH | 0 | 20 | 2 | 9010 | 50H | 우디백도농총해 | 99.95 | 96) | 0 | 우 | Or | 9 | % | H | 99.95 | 96) | 0 | 10 | 0H | 5 | % | K | : | ru | 9 | H0 | (204 | TOr | ç | ㅣ백도 | kcal | Por | J | 20 | 8 | hoH | 4 | de | HW | E | E | 2 | 96 | T0 | (204 | ( | 5 | H | kcal | oHr | JH | 20 | 10 | HOH | 山 | oo | K | 香 | 0.019.(월) | 클라우디배도 | 66 8 (204 kc | 0.01%() | 66g(204 kc | 0.01 96(0) | 클라우디배도 | 668(204 kc | 0.01%() | 66g(204kc | 엉'오리온 | 장'오리온 | 중0 | 분 | 80 | % | 80 | 더 | TlO | 叶 | 80 | % | 70 | E | 중 | 분 | 80 | 형0 | 더 | TO | 听 | 30 | 70 | E | 중0 | 분 | 80 | % | 80 | 더 | TlO | 叶 | 80 | % | 70 | E | 중 | 분 | 80 | 형0 | 더 | TO | 听 | 30 | 70 | E | N | MIX | PEACHES | 2 | MIX | PEACHES | 2MIX | PEACHES | 2MI 养 | PEACHES | t | 0 | h | 10 | t | 0 | h | 10",마이구미,마이구미,0.6586,08_마이구미,paddleocr_boost,,CONFIRMED,마이구미,CONFIRMED
IMG_5180.jpg,새우깡,,0,,,"동심 | 2내을맛있게 | 생새우85%. | 중량,90.0l405 | 스 | 튀기지않고 | 구워만든스낵! | 그 | 告合 | 28 | 5% | 90 g465 | 市 | 凯闪站卫 | 定品r厅 | COTAD | COTAD | A | 研 | C | C | 니 | ラ品は亡 | 正品特 | 구워만든스낵! | 튀기지않고 | 7 | 凯闪 | 구워만든스낵! | 튀기지않고 | 7 | 凯闪 | 구워만든스내 | 튀기지않고 | 7 | 闪 | 면통맛있게 | )동심 | B | 音台 | 언대을맛있게 | 동심 | 吉台 | 北o石票家品 | 6R3 | 北o品家品 | 北o石票家品 | 6R3 | 北o品家品 | 중량.90 0l405k | 생새우856D4 | 90 (465 | 85% | 중량 90 g1465 | 생새우8.5%.D | 90g(465 | 85% | 중량.90 0l405k | 생새우856D4 | 90 (465 | 85% | 중량 90 g1465 | 생새우8.5%.D | 90g(465 | 85% | 중량.90 9l465kean | :90 g(465 kcan | 중량 90 g465kca | 90 g465 kcan | 중량.90 9l465kean | :90 g(465 kcan | 중량 90 g465kca | 90 g465 kcan",새우깡,새우깡,0.6,02_새우깡,paddleocr_boost,,CONFIRMED,새우깡,CONFIRMED
IMG_5187.jpg,칸타타,,0,,,Cantata | Cantata | Cantat | Cantata | Cantat | Cantata | C | C | Cantata | Cantata | Cantata | Cantata | Cantate | Cantata | Cantata | Cantata | Cantate | Cantata | C | C | C | C,칸타타,칸타타,1.0,03_칸타타,paddleocr_boost,,CONFIRMED,칸타타,CONFIRMED
IMG_5194.jpg,오뚜기컵밥,,0,,,오뚜] | 있 | 또 | 20%UP | 는 | 포장이 손상되면 | F | OCtoOeeE | 문격 | 80007 | HO | ilk우글금 | D08L-60s8 | IAY | 华J | to! | 华 | 20%UP | 新就 | JL | tie | 外 | 40005 | 20 THE | 99 150g-180g | A们 | 오뚜기 | 지성문군 | Ottogi Cooked Rice | 포장이 손상되면 제품변질의 | 郭 | 华 | Ottogi Cooked Rice | 오뚜기 | 지성문군 | Ottogi Cooked Rice | 포장이 손상되면 제품변질의 | 郭 | 华 | Ottogi Cooked Rice | 있는 | O外 | 리 정 | OCtoPOtne | 品晟 | t e | 지성문구 | GTF | 연성 | OCto.PtnPeE | 品层 | 实 | t e | 연 성 | Oao ne | 品晨 | 业 | t | 연성 | OCto.PtnPeE | 品层 | 实 | t e | 연 성 | Oao ne | 品晨 | 业 | t | 光升 | V | OCto.PtnUe | 전위레정식 | 品晨 | t e | 全时间 | Ooeee | 위리연정의 | 局层 | t e | 五 | 20%UP | ilk우글금 | 20%UP | 号晶 | 20%Up | ilk우글글 | 20%UP | k号 | 오뚜기 | 가있는 | 华儿 | HO | 오뚜기 | 华 | 오뚜기 | 있는 | 乐 | O片 | 오뚜기 | 있는 | Q乐儿 | トO片 | 오뚜기 | 있는 | 乐 | O片 | 오뚜기 | 있는 | Q乐儿 | トO片 | 겁밥 | 포장이 속상되면 제품변질의 | Ottogi Cooked Rice | Ottogi Cooked Rice | OCt POtnPe | 品晨 | 实时区 | tie | 겁밥 | 포장이 속상되면 제품변질의 | Ottogi Cooked Rice | Ottogi Cooked Rice | OCt POtnPe | 品晨 | 实时区 | tie | 오뚜] | 가있는 | 乐 | H | 오뚜] | 가있는 | 华 | HOI | 오뚜] | 가있는 | 乐 | H | 오뚜] | 가있는 | 华 | HOI | 뚜기 | 华7 | ≤0 | YO | 포장이 손상되면 제품변질의 | 포장이 손상되면 제품변질의 | 통 | ilk우글금 | 8 | YHY | 号品 | 品品 | 10号日 | 林 | 콩 | ilk우글글 | 8 | IYY | 号品 | 号 | 品品 | 10号日 | Y | 지성문구 | 4 | 지성문구 | F | A | 608L-best8 | 10 | IACYY | 99 150-1809 | 10号 | 尼Y | 밥양450g-180g | 담아 | 자사기존 검밥 대비 | 150g180g | 0 | 608L-best8 | 10 | IACYY | 99 150-1809 | 10号 | 尼Y | 밥양450g-180g | 담아 | 자사기존 검밥 대비 | 150g180g | 0 | 인 | 0I | 또 | E | 인 | 0I | 또 | E | ilK | 08L-60 | 10 | IAICYY | ilk | 99 150-1809 | 105 | A们尼Y狂 | ilK | D8L-S08 | 105 | IAICYY | ilk | 99 150g-7180g | 105 | AD晶尼Y狂 | ilK | 08L-60 | 10 | IAICYY | ilk | 99 150-1809 | 105 | A们尼Y狂 | ilK | D8L-S08 | 105 | IAICYY | ilk | 99 150g-7180g | 105 | AD晶尼Y狂 | 조리예OTHER | OTHER | 조리예OTHER | OTHER,오뚜기컵밥,오뚜기컵밥,0.7433,09_오뚜기컵밥,paddleocr_boost,,CONFIRMED,오뚜기컵밥,CONFIRMED
IMG_5200.jpg,프링글스,,0,,,PHGLES | K11335159 | PRINGLES | K110335150 | PNGLES | ISINHY | PRINGLES | K1035159 | PNGLES | ISINHY | PRINGLES | K1035159 | PPWAL | PRINGL | r | 工 | IGLED | GLES | FS | K11035159 | ES | K110035159 | PNGLES | ISINHY | PRINGLES | K1035159 | PNGLES | IeINHy | PRINGLES | K11035159 | PNGLES | ISINHY | PRINGLES | K1035159 | PNGLES | IeINHy | PRINGLES | K11035159 | PNGLES | K119335159 | PRINGLES | K110335150 | PNGLES | K11M35150 | PRINGLES | K110035159 | PPWAL | PRINGL | PPNAL | PRINGL | PPWAL | PRINGL | PPNAL | PRINGL | TGLED | GLES | IGLED | GLES | TGLED | GLES | IGLED | GLES | K1135159 | K110035150 | 41~-35152 | K110035159 | K1135159 | K110035150 | 41~-35152 | K110035159 | So | S | K1 | So | S | K1 | K11M35150 | K110035159 | 411m:35158 | K110035159 | K11M35150 | K110035159 | 411m:35158 | K110035159 | K11035150 | K110335150 | Ki1035158 | K110035159 | K11035150 | K110335150 | Ki1035158 | K110035159,프링글스,프링글스,0.6667,05_프링글스,paddleocr_boost,,CONFIRMED,프링글스,CONFIRMED
